<code_scheme name="Default" version="173">
  <Properties>
    <option name="SPACES_AROUND_KEY_VALUE_DELIMITER" value="true" />
    <option name="KEEP_BLANK_LINES" value="true" />
  </Properties>
  <codeStyleSettings language="JAVA">
    <option name="LINE_COMMENT_AT_FIRST_COLUMN" value="false" />
    <option name="LINE_COMMENT_ADD_SPACE" value="true" />
    <option name="BLOCK_COMMENT_ADD_SPACE" value="true" />
    <option name="LINE_COMMENT_ADD_SPACE_ON_REFORMAT" value="true" />
  </codeStyleSettings>
  <codeStyleSettings language="Markdown">
    <indentOptions>
      <option name="USE_TAB_CHARACTER" value="true" />
    </indentOptions>
  </codeStyleSettings>
  <codeStyleSettings language="Properties">
    <option name="ALIGN_GROUP_FIELD_DECLARATIONS" value="true" />
  </codeStyleSettings>
</code_scheme>