<application>
  <component name="Translation.Cache">
    <option name="lastTrimTime" value="1688694714985" />
  </component>
  <component name="Translation.Settings">
    <option name="translator" value="MICROSOFT" />
  </component>
  <component name="Translation.States">
    <histories>
      <item value="Position" />
      <item value="get Some Numbers" />
      <item value="Concurrency" />
      <item value="cursor" />
      <item value="Value could be null if no events are available." />
      <item value="poll" />
      <item value="poller" />
      <item value="taken" />
      <item value="After Each" />
      <item value="MICROSECONDS" />
      <item value="MILLISECONDS" />
      <item value="Dynamically `EventHandler`" />
      <item value="INSTANCE" />
      <item value="Demo ==== Examples of the usage of the javax.cache API. These examples are used in the specification document. For that reason they all compile. Examples whose Class names end in Demos will in addition be executable and can be used for demos." />
      <item value="batch Remaining" />
      <item value="Early Release Handler" />
      <item value="Ret true or false based on whatever criteria is required for the smaller chunk. If this is doing IO, it may be after flushingsyncing to disk or at the end of DB batch+ commit. Or it could simply be working off a smaller batch size." />
      <item value="journalling" />
      <item value="e" />
      <item value="Asymmetric" />
      <item value="Profile-guided optimizations" />
      <item value="Blackhole" />
      <item value="Dead Code Elimination" />
      <item value="relay" />
      <item value="Storage" />
      <item value="We don't really use this, just demonstrating its availability" />
      <item value="Repository" />
      <item value="message Received" />
      <item value="EventHandler that converts raw trade messages into {@link Trade} objects." />
      <item value="EventHandler that converts raw rate messages into {@link Rate} objects." />
      <item value="Represents a booked trade" />
      <item value="Transaction" />
    </histories>
    <option name="languageScores">
      <map>
        <entry key="CHINESE" value="23" />
        <entry key="ENGLISH" value="24" />
        <entry key="GERMAN" value="1" />
        <entry key="ITALIAN" value="1" />
      </map>
    </option>
  </component>
</application>